,Exp Quality,Mean Average Reward,Timesteps
0,0.39721133415268894,0.019819921234934177,0
1,13.206417115902763,0.002353930222782682,200
2,17.14476111231629,0.02081935758750747,400
3,26.89014949745423,0.01835847786489269,600
4,39.82676265081903,0.017335301904083087,800
5,55.464925348334276,0.02512536162005786,1000
6,55.464925348334276,0.017656180049869193,1200
7,55.464925348334276,0.01912568306010929,1400
8,55.464925348334276,0.019879000780640126,1600
9,55.464925348334276,0.027962474683786157,1800
10,55.464925348334276,0.020918198377214772,2000
11,55.464925348334276,0.004996674250249415,2200
12,55.464925348334276,0.0022256728778467906,2400
13,55.464925348334276,0.054945292573065,2600
14,55.464925348334276,0.06507479477327253,2800
15,55.464925348334276,0.05748438719750196,3000
16,55.464925348334276,0.05942232630757221,3200
17,55.464925348334276,0.059500895997876155,3400
18,55.464925348334276,0.040023182646133464,3600
19,55.464925348334276,0.04506729576223518,3800
20,55.464925348334276,0.0518407833553949,4000
21,55.464925348334276,0.05400294908491629,4200
22,55.464925348334276,0.05740674744594916,4400
23,55.464925348334276,0.054432301153612625,4600
24,55.464925348334276,0.05129053624558648,4800
25,55.464925348334276,0.06091962800801005,5000
26,55.464925348334276,0.0663855230854518,5200
27,55.464925348334276,0.06323785504113373,5400
28,55.464925348334276,0.07848984752249985,5600
29,55.464925348334276,0.07648538468210599,5800
30,55.464925348334276,0.06149164204599925,6000
31,55.464925348334276,0.07303691968590714,6200
32,55.464925348334276,0.08079553570484857,6400
33,55.464925348334276,0.06679231515297089,6600
34,55.464925348334276,0.06186064466038032,6800
35,55.464925348334276,0.06401147961427077,7000
36,55.464925348334276,0.10280496252489625,7200
37,55.464925348334276,0.08935624650997942,7400
38,55.464925348334276,0.09861188447254021,7600
39,55.464925348334276,0.08484463240718632,7800
40,55.464925348334276,0.08464274341323522,8000
41,55.464925348334276,0.09024374987489742,8200
42,55.464925348334276,0.12185505751583232,8400
43,55.464925348334276,0.1096646431543291,8600
44,55.464925348334276,0.11259104529147425,8800
45,55.464925348334276,0.11360592943329029,9000
46,55.464925348334276,0.11814013943075215,9200
47,55.464925348334276,0.114506323050514,9400
48,55.464925348334276,0.10636926534276636,9600
49,55.464925348334276,0.10842214205474136,9800
50,55.464925348334276,0.11023716836975159,10000
51,55.464925348334276,0.11889085702349074,10200
52,55.464925348334276,0.13335658565382455,10400
53,55.464925348334276,0.11189415317072432,10600
54,55.464925348334276,0.08802781409486231,10800
55,55.464925348334276,0.07491155540772244,11000
56,55.464925348334276,0.12541894830822906,11200
57,55.464925348334276,0.06694059398977434,11400
58,55.464925348334276,0.1066062225160679,11600
59,55.464925348334276,0.11289046978537104,11800
60,55.464925348334276,0.11536195690956383,12000
61,55.464925348334276,0.0971894205760517,12200
62,55.464925348334276,0.13856233599102702,12400
63,55.464925348334276,0.13936387652423696,12600
64,55.464925348334276,0.1318483419421093,12800
65,55.464925348334276,0.1288951753271907,13000
66,55.464925348334276,0.13892636553651777,13200
67,55.464925348334276,0.13850591190363587,13400
68,55.464925348334276,0.14269278411731331,13600
69,55.464925348334276,0.13726179524969537,13800
70,55.464925348334276,0.14283852636333638,14000
71,55.464925348334276,0.13029294092926527,14200
72,55.464925348334276,0.13913466199781724,14400
73,55.464925348334276,0.1353976835026674,14600
74,55.464925348334276,0.14087695615604467,14800
75,55.464925348334276,0.10109666614259386,15000
76,55.464925348334276,0.10847128392873696,15200
77,55.464925348334276,0.1320469598198212,15400
78,55.464925348334276,0.12411051119001404,15600
79,55.464925348334276,0.10125260737593002,15800
80,55.464925348334276,0.13285708916608266,16000
81,55.464925348334276,0.12454550538591748,16200
82,55.464925348334276,0.13208668235225254,16400
83,55.464925348334276,0.13231272664760613,16600
84,55.464925348334276,0.11397217461365312,16800
85,55.464925348334276,0.11566121467417,17000
86,55.464925348334276,0.12776873811470324,17200
87,55.464925348334276,0.11525280521348877,17400
88,55.464925348334276,0.13744908567576972,17600
89,55.464925348334276,0.13689889880825265,17800
90,55.464925348334276,0.11736041722661775,18000
91,55.464925348334276,0.1195295163365984,18200
92,55.464925348334276,0.08112596620728155,18400
93,55.464925348334276,0.1316088258419375,18600
94,55.464925348334276,0.13836891367724227,18800
95,55.464925348334276,0.12967257378148103,19000
96,55.464925348334276,0.11971011369803927,19200
97,55.464925348334276,0.10878519652806752,19400
98,55.464925348334276,0.12090512556853675,19600
99,55.464925348334276,0.13444024207633043,19800
100,55.464925348334276,0.11544160256635216,20000
101,55.464925348334276,0.11165929373876107,20200
102,55.464925348334276,0.1101913389770032,20400
103,55.464925348334276,0.1420250885453771,20600
104,55.464925348334276,0.12912891397114867,20800
105,55.464925348334276,0.13527147272858028,21000
106,55.464925348334276,0.12687931386834864,21200
107,55.464925348334276,0.1459403593617871,21400
108,55.464925348334276,0.13514404297114488,21600
109,55.464925348334276,0.12764870291575867,21800
110,55.464925348334276,0.12642969784393532,22000
111,55.464925348334276,0.14443741861813617,22200
112,55.464925348334276,0.14655101006354615,22400
113,55.464925348334276,0.14560999683950496,22600
114,55.464925348334276,0.16466105698912575,22800
115,55.464925348334276,0.1521910287649405,23000
116,55.464925348334276,0.13764101005937532,23200
117,55.464925348334276,0.14360019534085347,23400
118,55.464925348334276,0.12094563602919942,23600
119,55.464925348334276,0.12615253264721382,23800
120,55.464925348334276,0.13032060661978884,24000
121,55.464925348334276,0.14935814694252486,24200
122,55.464925348334276,0.10811447294170323,24400
123,55.464925348334276,0.13929700761228242,24600
124,55.464925348334276,0.14514229213874924,24800
125,55.464925348334276,0.1368907042736082,25000
126,55.464925348334276,0.12595312013910415,25200
127,55.464925348334276,0.13340227020029297,25400
128,55.464925348334276,0.12906629809490583,25600
129,55.464925348334276,0.1266120800108361,25800
130,55.464925348334276,0.12132900301898628,26000
131,55.464925348334276,0.14886768293980374,26200
132,55.464925348334276,0.1324008050237558,26400
133,55.464925348334276,0.1437128353945289,26600
134,55.464925348334276,0.14507327693200395,26800
135,55.464925348334276,0.11717131151127227,27000
136,55.464925348334276,0.12204380786157121,27200
137,55.464925348334276,0.15511273212879015,27400
138,55.464925348334276,0.1524293795544066,27600
139,55.464925348334276,0.1493771452942826,27800
140,55.464925348334276,0.15294312093492418,28000
141,55.464925348334276,0.1463143034864346,28200
142,55.464925348334276,0.14106475395468687,28400
143,55.464925348334276,0.1445481819617256,28600
144,55.464925348334276,0.147817672454497,28800
145,55.464925348334276,0.15207062795057005,29000
146,55.464925348334276,0.14570127992173276,29200
147,55.464925348334276,0.15435456365554334,29400
148,55.464925348334276,0.17847173238674527,29600
149,55.464925348334276,0.1580279268394022,29800
150,0.6302470421609995,0.01639344262295082,0
151,21.66492525931336,0.018032786885245903,200
152,29.816618133009552,0.01639344262295082,400
153,42.7148562132143,0.0,600
154,64.47042495693543,0.0009107468123861566,800
155,68.22933203888557,0.0004967709885742673,1000
156,68.22933203888557,0.00039984006397441024,1200
157,68.22933203888557,0.0014903129657228018,1400
158,68.22933203888557,0.041442875614483565,1600
159,68.22933203888557,0.047105190706790985,1800
160,68.22933203888557,0.04824312525492922,2000
161,68.22933203888557,0.056021691082275546,2200
162,68.22933203888557,0.04705655231974605,2400
163,68.22933203888557,0.07351861860058581,2600
164,68.22933203888557,0.06298385270948327,2800
165,68.22933203888557,0.09100171231318771,3000
166,68.22933203888557,0.06993658864439964,3200
167,68.22933203888557,0.08154567773242041,3400
168,68.22933203888557,0.07495916268565105,3600
169,68.22933203888557,0.06829832903308287,3800
170,68.22933203888557,0.0841127526020362,4000
171,68.22933203888557,0.07952719183512419,4200
172,68.22933203888557,0.08057855140096924,4400
173,68.22933203888557,0.07896405266222045,4600
174,68.22933203888557,0.09018739908169714,4800
175,68.22933203888557,0.08693609282867766,5000
176,68.22933203888557,0.07120502448371302,5200
177,68.22933203888557,0.08875178403866928,5400
178,68.22933203888557,0.06402423545469553,5600
179,68.22933203888557,0.06212723594035776,5800
180,68.22933203888557,0.07672295572004262,6000
181,68.22933203888557,0.08793629626561159,6200
182,68.22933203888557,0.0883039145568817,6400
183,68.22933203888557,0.06888477668298532,6600
184,68.22933203888557,0.06793213235439571,6800
185,68.22933203888557,0.08002875112071679,7000
186,68.22933203888557,0.06770351233465989,7200
187,68.22933203888557,0.08378170099481576,7400
188,68.22933203888557,0.09271241538599304,7600
189,68.22933203888557,0.07611686184536458,7800
190,68.22933203888557,0.10396660835007235,8000
191,68.22933203888557,0.08752233194856146,8200
192,68.22933203888557,0.09909525811165155,8400
193,68.22933203888557,0.07680848295602394,8600
194,68.22933203888557,0.08095343444782617,8800
195,68.22933203888557,0.0912503252667187,9000
196,68.22933203888557,0.08361110271110977,9200
197,68.22933203888557,0.08885764357075834,9400
198,68.22933203888557,0.08348023561138315,9600
199,68.22933203888557,0.07748562912497339,9800
200,68.22933203888557,0.08760622150602365,10000
201,68.22933203888557,0.08861840846279546,10200
202,68.22933203888557,0.0929038318598284,10400
203,68.22933203888557,0.08740376199392592,10600
204,68.22933203888557,0.08879336938642628,10800
205,68.22933203888557,0.08281492938374373,11000
206,68.22933203888557,0.09684509479591448,11200
207,68.22933203888557,0.08548985167837629,11400
208,68.22933203888557,0.09326165637641046,11600
209,68.22933203888557,0.0908770298027361,11800
210,68.22933203888557,0.08595398226545768,12000
211,68.22933203888557,0.09077543585740307,12200
212,68.22933203888557,0.0884046867816014,12400
213,68.22933203888557,0.08159703076322637,12600
214,68.22933203888557,0.09634436206068421,12800
215,68.22933203888557,0.10195896614094038,13000
216,68.22933203888557,0.10800401059279681,13200
217,68.22933203888557,0.08262844934176403,13400
218,68.22933203888557,0.13042799641160296,13600
219,68.22933203888557,0.13535250414060007,13800
220,68.22933203888557,0.1439358211391658,14000
221,68.22933203888557,0.14876698588221918,14200
222,68.22933203888557,0.14074006340279235,14400
223,68.22933203888557,0.15865713000780704,14600
224,68.22933203888557,0.12342616392012423,14800
225,68.22933203888557,0.1539186670549914,15000
226,68.22933203888557,0.15122580164307567,15200
227,68.22933203888557,0.14731590058586913,15400
228,68.22933203888557,0.16830974126056086,15600
229,68.22933203888557,0.15078099477757953,15800
230,68.22933203888557,0.16012955198637022,16000
231,68.22933203888557,0.1584007322888271,16200
232,68.22933203888557,0.15573665225539024,16400
233,68.22933203888557,0.1588551525845338,16600
234,68.22933203888557,0.1338691825371842,16800
235,68.22933203888557,0.16534710735530397,17000
236,68.22933203888557,0.13064293371811522,17200
237,68.22933203888557,0.1673533550677893,17400
238,68.22933203888557,0.12542436528400086,17600
239,68.22933203888557,0.15839438938015288,17800
240,68.22933203888557,0.16575973947947753,18000
241,68.22933203888557,0.14361399405491668,18200
242,68.22933203888557,0.14594075698222267,18400
243,68.22933203888557,0.15342936386559172,18600
244,68.22933203888557,0.16462846424019847,18800
245,68.22933203888557,0.16142480618621569,19000
246,68.22933203888557,0.16390350444809154,19200
247,68.22933203888557,0.1710792883234897,19400
248,68.22933203888557,0.16212156000005562,19600
249,68.22933203888557,0.14570774748733462,19800
250,68.22933203888557,0.1600347841379664,20000
251,68.22933203888557,0.1545676040632065,20200
252,68.22933203888557,0.1644854466984345,20400
253,68.22933203888557,0.15353781609023695,20600
254,68.22933203888557,0.15156519649962003,20800
255,68.22933203888557,0.16686921644732633,21000
256,68.22933203888557,0.1657929408532108,21200
257,68.22933203888557,0.15061380212233105,21400
258,68.22933203888557,0.1837985396688386,21600
259,68.22933203888557,0.144990473999226,21800
260,68.22933203888557,0.1666283170381531,22000
261,68.22933203888557,0.1549423630521355,22200
262,68.22933203888557,0.1560119521986949,22400
263,68.22933203888557,0.14708165406441046,22600
264,68.22933203888557,0.15884416523722236,22800
265,68.22933203888557,0.1652732310004538,23000
266,68.22933203888557,0.11952242603900702,23200
267,68.22933203888557,0.10901196213637158,23400
268,68.22933203888557,0.14909414860004633,23600
269,68.22933203888557,0.1438040927541257,23800
270,68.22933203888557,0.13795022561771278,24000
271,68.22933203888557,0.12259205196749193,24200
272,68.22933203888557,0.13528627110594318,24400
273,68.22933203888557,0.140984783551936,24600
274,68.22933203888557,0.16705962525634652,24800
275,68.22933203888557,0.16193211687172002,25000
276,68.22933203888557,0.1494298641685574,25200
277,68.22933203888557,0.14587456815987998,25400
278,68.22933203888557,0.17096659173730425,25600
279,68.22933203888557,0.15694871945658073,25800
280,68.22933203888557,0.1597870481067202,26000
281,68.22933203888557,0.17308837765684437,26200
282,68.22933203888557,0.15936246430206732,26400
283,68.22933203888557,0.16526061798482233,26600
284,68.22933203888557,0.1549580991680036,26800
285,68.22933203888557,0.16920165252169972,27000
286,68.22933203888557,0.15419751922258862,27200
287,68.22933203888557,0.14744309061633273,27400
288,68.22933203888557,0.13815388208818133,27600
289,68.22933203888557,0.1422879780454713,27800
290,68.22933203888557,0.16663937033575615,28000
291,68.22933203888557,0.15531108809388022,28200
292,68.22933203888557,0.12429874880638675,28400
293,68.22933203888557,0.16336172310605132,28600
294,68.22933203888557,0.15219268539684475,28800
295,68.22933203888557,0.1733148415951765,29000
296,68.22933203888557,0.15440658403324253,29200
297,68.22933203888557,0.1749123826992679,29400
298,68.22933203888557,0.15894757096541082,29600
299,68.22933203888557,0.1548628750693125,29800
300,0.7073479709999996,0.02513661202185792,0
301,31.67976381246858,0.016939890710382516,200
302,43.49245742123118,0.02185792349726776,400
303,56.365221863382914,0.017304189435336976,600
304,62.718512922393145,0.01639344262295082,800
305,68.07959067792284,0.03318672530987605,1000
306,68.07959067792284,0.035519125683060114,1200
307,68.07959067792284,0.020491803278688523,1400
308,68.07959067792284,0.03278688524590164,1600
309,68.07959067792284,0.03278688524590164,1800
310,68.07959067792284,0.03278688524590164,2000
311,68.07959067792284,0.01639344262295082,2200
312,68.07959067792284,0.035519125683060114,2400
313,68.07959067792284,0.03278688524590164,2600
314,68.07959067792284,0.03278688524590164,2800
315,68.07959067792284,0.03278688524590164,3000
316,68.07959067792284,0.01639344262295082,3200
317,68.07959067792284,0.019020596889449345,3400
318,68.07959067792284,0.06344262295081968,3600
319,68.07959067792284,0.07059855193178523,3800
320,68.07959067792284,0.0385931138270525,4000
321,68.07959067792284,0.05417234704391688,4200
322,68.07959067792284,0.04172442358597797,4400
323,68.07959067792284,0.07794243586209408,4600
324,68.07959067792284,0.07227426489721571,4800
325,68.07959067792284,0.09103616407973612,5000
326,68.07959067792284,0.10149094097858247,5200
327,68.07959067792284,0.11503463399194541,5400
328,68.07959067792284,0.1125975736221638,5600
329,68.07959067792284,0.10168006124095003,5800
330,68.07959067792284,0.0963357187497854,6000
331,68.07959067792284,0.09630006797464781,6200
332,68.07959067792284,0.1082734067480139,6400
333,68.07959067792284,0.09714349824827374,6600
334,68.07959067792284,0.09868985591440796,6800
335,68.07959067792284,0.11197236529197396,7000
336,68.07959067792284,0.11573424738718595,7200
337,68.07959067792284,0.12020469052462707,7400
338,68.07959067792284,0.1257282366455895,7600
339,68.07959067792284,0.13840804902603865,7800
340,68.07959067792284,0.13902222380753568,8000
341,68.07959067792284,0.1273625870540046,8200
342,68.07959067792284,0.14149339490467744,8400
343,68.07959067792284,0.1363733756332599,8600
344,68.07959067792284,0.12994016457131208,8800
345,68.07959067792284,0.1422698661752966,9000
346,68.07959067792284,0.1400092233385386,9200
347,68.07959067792284,0.1484779306579231,9400
348,68.07959067792284,0.14850114893255528,9600
349,68.07959067792284,0.14585049404543346,9800
350,68.07959067792284,0.1450610703985824,10000
351,68.07959067792284,0.1468630757660347,10200
352,68.07959067792284,0.1519285574692056,10400
353,68.07959067792284,0.16923917562106613,10600
354,68.07959067792284,0.1494981305441641,10800
355,68.07959067792284,0.15576076090528204,11000
356,68.07959067792284,0.1642646876856134,11200
357,68.07959067792284,0.14114811008240943,11400
358,68.07959067792284,0.13919658657579276,11600
359,68.07959067792284,0.12867696160655884,11800
360,68.07959067792284,0.12694708129045262,12000
361,68.07959067792284,0.16242401255660657,12200
362,68.07959067792284,0.15503047258109937,12400
363,68.07959067792284,0.1576958383104655,12600
364,68.07959067792284,0.15166704879819629,12800
365,68.07959067792284,0.1544028737254388,13000
366,68.07959067792284,0.16944670967091408,13200
367,68.07959067792284,0.1564336071086311,13400
368,68.07959067792284,0.16638830204403973,13600
369,68.07959067792284,0.1697962784028358,13800
370,68.07959067792284,0.16082728577653208,14000
371,68.07959067792284,0.15926115395485535,14200
372,68.07959067792284,0.16629768059118916,14400
373,68.07959067792284,0.10094983947442965,14600
374,68.07959067792284,0.15362980799583212,14800
375,68.07959067792284,0.16634633144745814,15000
376,68.07959067792284,0.16402444523225618,15200
377,68.07959067792284,0.1647712173940413,15400
378,68.07959067792284,0.16207757583651564,15600
379,68.07959067792284,0.16065229370436698,15800
380,68.07959067792284,0.15853043559890231,16000
381,68.07959067792284,0.17071414953526812,16200
382,68.07959067792284,0.1631160412500817,16400
383,68.07959067792284,0.16559616684724535,16600
384,68.07959067792284,0.1721115094281617,16800
385,68.07959067792284,0.1588805320824075,17000
386,68.07959067792284,0.1674778028368852,17200
387,68.07959067792284,0.1534876526451283,17400
388,68.07959067792284,0.1690685275520072,17600
389,68.07959067792284,0.16689984651050221,17800
390,68.07959067792284,0.1592624746409703,18000
391,68.07959067792284,0.16344558692470443,18200
392,68.07959067792284,0.16017809482367165,18400
393,68.07959067792284,0.1683841735071243,18600
394,68.07959067792284,0.12806993931822205,18800
395,68.07959067792284,0.16612787508776677,19000
396,68.07959067792284,0.1611278882373385,19200
397,68.07959067792284,0.13338459556512866,19400
398,68.07959067792284,0.16398026595712223,19600
399,68.07959067792284,0.1436700409270521,19800
400,68.07959067792284,0.15649327635827145,20000
401,68.07959067792284,0.1475456953226835,20200
402,68.07959067792284,0.15419359972625105,20400
403,68.07959067792284,0.1674504530747869,20600
404,68.07959067792284,0.16313834483783224,20800
405,68.07959067792284,0.15974001935175353,21000
406,68.07959067792284,0.15999360451506056,21200
407,68.07959067792284,0.16032656587013788,21400
408,68.07959067792284,0.1693944363080353,21600
409,68.07959067792284,0.16768626168416506,21800
410,68.07959067792284,0.1550060434583096,22000
411,68.07959067792284,0.16774972127998844,22200
412,68.07959067792284,0.1535415863693283,22400
413,68.07959067792284,0.17297164102371426,22600
414,68.07959067792284,0.13091249010187328,22800
415,68.07959067792284,0.14411651897375954,23000
416,68.07959067792284,0.13989913401078743,23200
417,68.07959067792284,0.1413330002183399,23400
418,68.07959067792284,0.14638038222690564,23600
419,68.07959067792284,0.145360731038039,23800
420,68.07959067792284,0.14699784354096138,24000
421,68.07959067792284,0.14276737685190155,24200
422,68.07959067792284,0.17315057712081533,24400
423,68.07959067792284,0.1593060182359554,24600
424,68.07959067792284,0.15056861121736712,24800
425,68.07959067792284,0.14039107988222527,25000
426,68.07959067792284,0.1474171013907293,25200
427,68.07959067792284,0.14445463461856903,25400
428,68.07959067792284,0.17090037467086647,25600
429,68.07959067792284,0.1533761479309844,25800
430,68.07959067792284,0.15736727961549318,26000
431,68.07959067792284,0.15870743561246986,26200
432,68.07959067792284,0.16644053745513443,26400
433,68.07959067792284,0.15653412958577098,26600
434,68.07959067792284,0.16605690374240845,26800
435,68.07959067792284,0.16439104932354687,27000
436,68.07959067792284,0.16050839463615965,27200
437,68.07959067792284,0.1530868442367298,27400
438,68.07959067792284,0.1575545544184175,27600
439,68.07959067792284,0.14679960160914837,27800
440,68.07959067792284,0.17007536298341713,28000
441,68.07959067792284,0.17143927540890921,28200
442,68.07959067792284,0.1473709609772484,28400
443,68.07959067792284,0.14846521710190946,28600
444,68.07959067792284,0.1584352155608026,28800
445,68.07959067792284,0.1413580696698773,29000
446,68.07959067792284,0.15490097484407706,29200
447,68.07959067792284,0.15250347894472419,29400
448,68.07959067792284,0.14486298879713289,29600
449,68.07959067792284,0.16281076798764457,29800
450,0.7073479709999996,0.04236023539302228,0
451,22.885401691308516,0.04064864010787722,200
452,27.4630249021122,0.04956373317029055,400
453,40.34810983464065,0.051038304112074606,600
454,44.683950087609304,0.06561280249804838,800
455,44.683950087609304,0.04998928533161899,1000
456,44.683950087609304,0.051463905665803854,1200
457,44.683950087609304,0.051079885506115016,1400
458,44.683950087609304,0.04000314235806245,1600
459,44.683950087609304,0.06831553093048495,1800
460,44.683950087609304,0.054577448446166354,2000
461,44.683950087609304,0.04243835321307558,2200
462,44.683950087609304,0.05211356070598581,2400
463,44.683950087609304,0.054041094000110396,2600
464,44.683950087609304,0.05082660172645917,2800
465,44.683950087609304,0.05172627918529558,3000
466,44.683950087609304,0.05598851368543492,3200
467,44.683950087609304,0.045279456740734296,3400
468,44.683950087609304,0.05567575938585429,3600
469,44.683950087609304,0.0478204172876304,3800
470,44.683950087609304,0.050896947618259095,4000
471,44.683950087609304,0.04898932914463544,4200
472,44.683950087609304,0.05644233534656313,4400
473,44.683950087609304,0.03672781680978403,4600
474,44.683950087609304,0.05018935797624322,4800
475,44.683950087609304,0.04687444212441667,5000
476,44.683950087609304,0.04809573377312061,5200
477,44.683950087609304,0.0609111593457855,5400
478,44.683950087609304,0.06126290224650881,5600
479,44.683950087609304,0.051170428651015364,5800
480,44.683950087609304,0.051142376477064336,6000
481,44.683950087609304,0.052472580936774205,6200
482,44.683950087609304,0.05437818240165861,6400
483,44.683950087609304,0.041239328444446395,6600
484,44.683950087609304,0.0455223559180597,6800
485,44.683950087609304,0.051747363070275776,7000
486,44.683950087609304,0.03989071038251366,7200
487,44.683950087609304,0.039845760620482985,7400
488,44.683950087609304,0.061931944909111185,7600
489,44.683950087609304,0.049063231850117094,7800
490,44.683950087609304,0.05524483017250617,8000
491,44.683950087609304,0.04844522508456934,8200
492,44.683950087609304,0.0471311475409836,8400
493,44.683950087609304,0.04805729339031637,8600
494,44.683950087609304,0.06772309427650516,8800
495,44.683950087609304,0.07682741996296895,9000
496,44.683950087609304,0.07439898435352386,9200
497,44.683950087609304,0.06117775594085758,9400
498,44.683950087609304,0.06209305356695541,9600
499,44.683950087609304,0.06159184226718083,9800
500,44.683950087609304,0.07273870803896453,10000
501,44.683950087609304,0.08935926131067104,10200
502,44.683950087609304,0.07496098190613044,10400
503,44.683950087609304,0.07789878939310764,10600
504,44.683950087609304,0.07066436526664424,10800
505,44.683950087609304,0.07110081330520815,11000
506,44.683950087609304,0.07388568781139412,11200
507,44.683950087609304,0.0892411131541566,11400
508,44.683950087609304,0.08205857375625056,11600
509,44.683950087609304,0.08684868801169113,11800
510,44.683950087609304,0.07962893383827002,12000
511,44.683950087609304,0.0893384390828832,12200
512,44.683950087609304,0.09936949731515093,12400
513,44.683950087609304,0.08628525244337044,12600
514,44.683950087609304,0.10051844363233911,12800
515,44.683950087609304,0.115397035047971,13000
516,44.683950087609304,0.12899736875146708,13200
517,44.683950087609304,0.11877840571031226,13400
518,44.683950087609304,0.11470434784656412,13600
519,44.683950087609304,0.13439938931742207,13800
520,44.683950087609304,0.1276332700084104,14000
521,44.683950087609304,0.13601524190274897,14200
522,44.683950087609304,0.13418608446091568,14400
523,44.683950087609304,0.13184993174842433,14600
524,44.683950087609304,0.13489486259115246,14800
525,44.683950087609304,0.13822019358904605,15000
526,44.683950087609304,0.15032819915896092,15200
527,44.683950087609304,0.14017593011726381,15400
528,44.683950087609304,0.10501802922988587,15600
529,44.683950087609304,0.15713539478955904,15800
530,44.683950087609304,0.15427172762406682,16000
531,44.683950087609304,0.056444253679052606,16200
532,44.683950087609304,0.15273885682516344,16400
533,44.683950087609304,0.11004611008948671,16600
534,44.683950087609304,0.11215782824902903,16800
535,44.683950087609304,0.14668239052279552,17000
536,44.683950087609304,0.14073875426334437,17200
537,44.683950087609304,0.1587222620507833,17400
538,44.683950087609304,0.14767427110749903,17600
539,44.683950087609304,0.11554983568586298,17800
540,44.683950087609304,0.1501500959047289,18000
541,44.683950087609304,0.16357331396392433,18200
542,44.683950087609304,0.15885403803423892,18400
543,44.683950087609304,0.15925514135494842,18600
544,44.683950087609304,0.1569818976159381,18800
545,44.683950087609304,0.1624100836708053,19000
546,44.683950087609304,0.15955020148607413,19200
547,44.683950087609304,0.1670020780676518,19400
548,44.683950087609304,0.16275473160719056,19600
549,44.683950087609304,0.16950218029051195,19800
550,44.683950087609304,0.15754360652853264,20000
551,44.683950087609304,0.13326997154178508,20200
552,44.683950087609304,0.07527319960769181,20400
553,44.683950087609304,0.1332325473368966,20600
554,44.683950087609304,0.12772581193557142,20800
555,44.683950087609304,0.12152466224303965,21000
556,44.683950087609304,0.14658509675247158,21200
557,44.683950087609304,0.16226598032819883,21400
558,44.683950087609304,0.16174834487274212,21600
559,44.683950087609304,0.15762686766785122,21800
560,44.683950087609304,0.17204895046023294,22000
561,44.683950087609304,0.13621024813469573,22200
562,44.683950087609304,0.17105274720993138,22400
563,44.683950087609304,0.16638548154941593,22600
564,44.683950087609304,0.16615110754455012,22800
565,44.683950087609304,0.17085418965589488,23000
566,44.683950087609304,0.1626253700265755,23200
567,44.683950087609304,0.16409588349077248,23400
568,44.683950087609304,0.1409531817088233,23600
569,44.683950087609304,0.15144650246601654,23800
570,44.683950087609304,0.16809122785496936,24000
571,44.683950087609304,0.12792923923784952,24200
572,44.683950087609304,0.15775790426224356,24400
573,44.683950087609304,0.11864095814894321,24600
574,44.683950087609304,0.16468162449827678,24800
575,44.683950087609304,0.16491632229337141,25000
576,44.683950087609304,0.1543547895750278,25200
577,44.683950087609304,0.1531910075193556,25400
578,44.683950087609304,0.1707815097375062,25600
579,44.683950087609304,0.17978426947390508,25800
580,44.683950087609304,0.16296058996814639,26000
581,44.683950087609304,0.18662539646146203,26200
582,44.683950087609304,0.14485699740541902,26400
583,44.683950087609304,0.16952305435911985,26600
584,44.683950087609304,0.17722867510717075,26800
585,44.683950087609304,0.17583387227794167,27000
586,44.683950087609304,0.18346646522876026,27200
587,44.683950087609304,0.1646295917805277,27400
588,44.683950087609304,0.17165728169826525,27600
589,44.683950087609304,0.16945095646879632,27800
590,44.683950087609304,0.1595282272330183,28000
591,44.683950087609304,0.15679994236712735,28200
592,44.683950087609304,0.149815430203569,28400
593,44.683950087609304,0.15058128196046536,28600
594,44.683950087609304,0.14919979004618658,28800
595,44.683950087609304,0.1408157675369521,29000
596,44.683950087609304,0.13985473346280175,29200
597,44.683950087609304,0.1664118811875498,29400
598,44.683950087609304,0.16087644151546246,29600
599,44.683950087609304,0.15778421104348625,29800
600,0.2809666312711075,0.04918032786885246,0
601,14.19110295039982,0.04918032786885246,200
602,27.179937067539456,0.05737704918032787,400
603,38.17623439661402,0.04918032786885246,600
604,42.312971495892796,0.04918032786885246,800
605,61.499156228223114,0.03278688524590164,1000
606,61.499156228223114,0.05044136191677175,1200
607,61.499156228223114,0.043121464864346655,1400
608,61.499156228223114,0.0367526518804243,1600
609,61.499156228223114,0.056993006993007,1800
610,61.499156228223114,0.04414476197469607,2000
611,61.499156228223114,0.05021298261160212,2200
612,61.499156228223114,0.043504276611033905,2400
613,61.499156228223114,0.04211959182874043,2600
614,61.499156228223114,0.062195432072481245,2800
615,61.499156228223114,0.03786310037388554,3000
616,61.499156228223114,0.061969646278779766,3200
617,61.499156228223114,0.033135681897453785,3400
618,61.499156228223114,0.04962339388568897,3600
619,61.499156228223114,0.039709620734317656,3800
620,61.499156228223114,0.03712149225522823,4000
621,61.499156228223114,0.04689878002317732,4200
622,61.499156228223114,0.06232263397162143,4400
623,61.499156228223114,0.06715645539019414,4600
624,61.499156228223114,0.06320257611241219,4800
625,61.499156228223114,0.054473221805321236,5000
626,61.499156228223114,0.06136093233936734,5200
627,61.499156228223114,0.05277077203306711,5400
628,61.499156228223114,0.06615309864510185,5600
629,61.499156228223114,0.07015163085430033,5800
630,61.499156228223114,0.09301254623656577,6000
631,61.499156228223114,0.09681259060236881,6200
632,61.499156228223114,0.08744521322424964,6400
633,61.499156228223114,0.09701558218915983,6600
634,61.499156228223114,0.08944987831198054,6800
635,61.499156228223114,0.09720170539842671,7000
636,61.499156228223114,0.09411267239136092,7200
637,61.499156228223114,0.09246090885435146,7400
638,61.499156228223114,0.0746221901959607,7600
639,61.499156228223114,0.09166403951240017,7800
640,61.499156228223114,0.09312140529336423,8000
641,61.499156228223114,0.089449530433137,8200
642,61.499156228223114,0.09918091926288648,8400
643,61.499156228223114,0.10210358857899843,8600
644,61.499156228223114,0.09327712360499246,8800
645,61.499156228223114,0.10480750174234327,9000
646,61.499156228223114,0.11806413446878339,9200
647,61.499156228223114,0.11630501729228843,9400
648,61.499156228223114,0.10358107953334568,9600
649,61.499156228223114,0.06923378818197584,9800
650,61.499156228223114,0.1303360707621314,10000
651,61.499156228223114,0.13888222213958856,10200
652,61.499156228223114,0.13074849029819588,10400
653,61.499156228223114,0.14399302104751194,10600
654,61.499156228223114,0.13712533145741285,10800
655,61.499156228223114,0.1386502370989394,11000
656,61.499156228223114,0.15313443312567812,11200
657,61.499156228223114,0.14803056117893953,11400
658,61.499156228223114,0.15058175976183386,11600
659,61.499156228223114,0.14019490771801832,11800
660,61.499156228223114,0.14121336464007336,12000
661,61.499156228223114,0.132985272684235,12200
662,61.499156228223114,0.1311183461084491,12400
663,61.499156228223114,0.1467005507230842,12600
664,61.499156228223114,0.14528203961050482,12800
665,61.499156228223114,0.1605073761430838,13000
666,61.499156228223114,0.13263720824054742,13200
667,61.499156228223114,0.14632304575999697,13400
668,61.499156228223114,0.14289390089936385,13600
669,61.499156228223114,0.12310262670521795,13800
670,61.499156228223114,0.13715301746952188,14000
671,61.499156228223114,0.1372313360082958,14200
672,61.499156228223114,0.1406730600452979,14400
673,61.499156228223114,0.14103227981262553,14600
674,61.499156228223114,0.11816417500607615,14800
675,61.499156228223114,0.1397457452192137,15000
676,61.499156228223114,0.12484864667688879,15200
677,61.499156228223114,0.11600447481136858,15400
678,61.499156228223114,0.12657480191052733,15600
679,61.499156228223114,0.12504352861344437,15800
680,61.499156228223114,0.11135754615887183,16000
681,61.499156228223114,0.09568300549522078,16200
682,61.499156228223114,0.12328874340026594,16400
683,61.499156228223114,0.1197445145796892,16600
684,61.499156228223114,0.10771516536576181,16800
685,61.499156228223114,0.1233763942272799,17000
686,61.499156228223114,0.120261650146855,17200
687,61.499156228223114,0.11901181875548492,17400
688,61.499156228223114,0.13104330374314485,17600
689,61.499156228223114,0.13084058206307336,17800
690,61.499156228223114,0.16109171197589994,18000
691,61.499156228223114,0.14957278527724097,18200
692,61.499156228223114,0.1560495100090293,18400
693,61.499156228223114,0.1403953383978634,18600
694,61.499156228223114,0.14195366626658815,18800
695,61.499156228223114,0.14307537894555095,19000
696,61.499156228223114,0.15135268453338568,19200
697,61.499156228223114,0.13843874685568552,19400
698,61.499156228223114,0.13867293025669922,19600
699,61.499156228223114,0.14587864965068098,19800
700,61.499156228223114,0.15426704047516587,20000
701,61.499156228223114,0.15175969963819524,20200
702,61.499156228223114,0.14488435435321378,20400
703,61.499156228223114,0.1601671763209046,20600
704,61.499156228223114,0.14691806261081775,20800
705,61.499156228223114,0.16438293705651463,21000
706,61.499156228223114,0.15944500973011302,21200
707,61.499156228223114,0.1623245485574972,21400
708,61.499156228223114,0.15545594920232192,21600
709,61.499156228223114,0.16725818304430956,21800
710,61.499156228223114,0.15732172302412134,22000
711,61.499156228223114,0.15941466387852984,22200
712,61.499156228223114,0.1599444161876404,22400
713,61.499156228223114,0.17094044389126353,22600
714,61.499156228223114,0.14873224615613373,22800
715,61.499156228223114,0.14527843135361243,23000
716,61.499156228223114,0.14441666170376766,23200
717,61.499156228223114,0.1415875713561345,23400
718,61.499156228223114,0.15691789599487385,23600
719,61.499156228223114,0.1542122942650497,23800
720,61.499156228223114,0.15484005657558886,24000
721,61.499156228223114,0.16157965271742358,24200
722,61.499156228223114,0.16107019119314198,24400
723,61.499156228223114,0.1597817282958166,24600
724,61.499156228223114,0.16177183611987458,24800
725,61.499156228223114,0.1610144007919581,25000
726,61.499156228223114,0.16626194052245366,25200
727,61.499156228223114,0.17144130459704227,25400
728,61.499156228223114,0.1552924482952243,25600
729,61.499156228223114,0.15605910313949695,25800
730,61.499156228223114,0.1564105768679968,26000
731,61.499156228223114,0.1807805947169096,26200
732,61.499156228223114,0.15024024165525454,26400
733,61.499156228223114,0.15532181726106215,26600
734,61.499156228223114,0.1478878594925162,26800
735,61.499156228223114,0.15173946903736016,27000
736,61.499156228223114,0.14901549373428555,27200
737,61.499156228223114,0.14826945176384346,27400
738,61.499156228223114,0.15840344986155216,27600
739,61.499156228223114,0.15631067692635428,27800
740,61.499156228223114,0.15640889665467136,28000
741,61.499156228223114,0.15017114974718138,28200
742,61.499156228223114,0.1469918023572442,28400
743,61.499156228223114,0.15958572607077903,28600
744,61.499156228223114,0.15453549070460196,28800
745,61.499156228223114,0.10163231332313981,29000
746,61.499156228223114,0.15978121677000015,29200
747,61.499156228223114,0.15217084705575748,29400
748,61.499156228223114,0.16823534603187446,29600
749,61.499156228223114,0.16427926747104024,29800
750,4.2102028715287344e-07,0.020341680177745756,0
751,30.258360003794557,0.01639344262295082,200
752,43.517142745990235,0.01639344262295082,400
753,50.61671549972128,0.0005122950819672131,600
754,53.297484171658965,0.006830601092896175,800
755,55.401484622389944,0.0,1000
756,55.401484622389944,0.025058548009367677,1200
757,55.401484622389944,0.028346994535519122,1400
758,55.401484622389944,0.01639344262295082,1600
759,55.401484622389944,0.02085480093676815,1800
760,55.401484622389944,0.04709400088113265,2000
761,55.401484622389944,0.028605046194484535,2200
762,55.401484622389944,0.035489351268039794,2400
763,55.401484622389944,0.031921015812676534,2600
764,55.401484622389944,0.04184831561880742,2800
765,55.401484622389944,0.04028812717337307,3000
766,55.401484622389944,0.032967509044520095,3200
767,55.401484622389944,0.02801239407618595,3400
768,55.401484622389944,0.047243388805587455,3600
769,55.401484622389944,0.05208241027913159,3800
770,55.401484622389944,0.05982930100426711,4000
771,55.401484622389944,0.04177122044780288,4200
772,55.401484622389944,0.0600042034468264,4400
773,55.401484622389944,0.06449519128941547,4600
774,55.401484622389944,0.03833018670948891,4800
775,55.401484622389944,0.06636855479068596,5000
776,55.401484622389944,0.08420418210424808,5200
777,55.401484622389944,0.08799313625062957,5400
778,55.401484622389944,0.0844519714140555,5600
779,55.401484622389944,0.08101630368988132,5800
780,55.401484622389944,0.08292118938860242,6000
781,55.401484622389944,0.0758070746156624,6200
782,55.401484622389944,0.0739368955918466,6400
783,55.401484622389944,0.08500832362395681,6600
784,55.401484622389944,0.08982007764345742,6800
785,55.401484622389944,0.10011827880680338,7000
786,55.401484622389944,0.0959835190986057,7200
787,55.401484622389944,0.09130125032550508,7400
788,55.401484622389944,0.09587375704384751,7600
789,55.401484622389944,0.10102020220752138,7800
790,55.401484622389944,0.1041967046246871,8000
791,55.401484622389944,0.10867576914295068,8200
792,55.401484622389944,0.11851643019842525,8400
793,55.401484622389944,0.09608094047100797,8600
794,55.401484622389944,0.10474076532417902,8800
795,55.401484622389944,0.10584641438064775,9000
796,55.401484622389944,0.1173022787776886,9200
797,55.401484622389944,0.11894257620252936,9400
798,55.401484622389944,0.12194714929400004,9600
799,55.401484622389944,0.11911510224945718,9800
800,55.401484622389944,0.12154001807798184,10000
801,55.401484622389944,0.12951588484375368,10200
802,55.401484622389944,0.127576477533712,10400
803,55.401484622389944,0.12580492400733456,10600
804,55.401484622389944,0.128222738396316,10800
805,55.401484622389944,0.14945186330524557,11000
806,55.401484622389944,0.1432263480956924,11200
807,55.401484622389944,0.14396413972113103,11400
808,55.401484622389944,0.13549316803415162,11600
809,55.401484622389944,0.15662429397179684,11800
810,55.401484622389944,0.1546411466493434,12000
811,55.401484622389944,0.12570976712102874,12200
812,55.401484622389944,0.14927387789115698,12400
813,55.401484622389944,0.16391422035847739,12600
814,55.401484622389944,0.15327171773093404,12800
815,55.401484622389944,0.15918349832182535,13000
816,55.401484622389944,0.16371996373660963,13200
817,55.401484622389944,0.14919052856275375,13400
818,55.401484622389944,0.14141460549940768,13600
819,55.401484622389944,0.16319483854230826,13800
820,55.401484622389944,0.16427725553600778,14000
821,55.401484622389944,0.16247446015196806,14200
822,55.401484622389944,0.16337788740082787,14400
823,55.401484622389944,0.15948817043852775,14600
824,55.401484622389944,0.1626012563503654,14800
825,55.401484622389944,0.16168817599902566,15000
826,55.401484622389944,0.15835564915501704,15200
827,55.401484622389944,0.16647625262201166,15400
828,55.401484622389944,0.14938317602252027,15600
829,55.401484622389944,0.14511025960868623,15800
830,55.401484622389944,0.16354263437194969,16000
831,55.401484622389944,0.13922304914458689,16200
832,55.401484622389944,0.14476483861936287,16400
833,55.401484622389944,0.1373047592901235,16600
834,55.401484622389944,0.16251904932219252,16800
835,55.401484622389944,0.10783630324868475,17000
836,55.401484622389944,0.1371818832970838,17200
837,55.401484622389944,0.1612912439327057,17400
838,55.401484622389944,0.1601064801661737,17600
839,55.401484622389944,0.1525851261361082,17800
840,55.401484622389944,0.1622395157038965,18000
841,55.401484622389944,0.13074827817405438,18200
842,55.401484622389944,0.14813690742451585,18400
843,55.401484622389944,0.15418092836125616,18600
844,55.401484622389944,0.1624786418518613,18800
845,55.401484622389944,0.1532036081216409,19000
846,55.401484622389944,0.14381895953725113,19200
847,55.401484622389944,0.15996495736129293,19400
848,55.401484622389944,0.1651310877244922,19600
849,55.401484622389944,0.1484722175233236,19800
850,55.401484622389944,0.1588545849223157,20000
851,55.401484622389944,0.14940185542631867,20200
852,55.401484622389944,0.13289139269827485,20400
853,55.401484622389944,0.15170166850473948,20600
854,55.401484622389944,0.1613837615879762,20800
855,55.401484622389944,0.1515904529697632,21000
856,55.401484622389944,0.1423418581535979,21200
857,55.401484622389944,0.13361503705765998,21400
858,55.401484622389944,0.16096615618071736,21600
859,55.401484622389944,0.16220901779439229,21800
860,55.401484622389944,0.16369780277614637,22000
861,55.401484622389944,0.15355756934590103,22200
862,55.401484622389944,0.15774184636183314,22400
863,55.401484622389944,0.15339978613591762,22600
864,55.401484622389944,0.12217465994206089,22800
865,55.401484622389944,0.1650686273129556,23000
866,55.401484622389944,0.1518202193679555,23200
867,55.401484622389944,0.1645817735474133,23400
868,55.401484622389944,0.1685785829228452,23600
869,55.401484622389944,0.1274838764916418,23800
870,55.401484622389944,0.15101123044042708,24000
871,55.401484622389944,0.17724510006904254,24200
872,55.401484622389944,0.15729295174603256,24400
873,55.401484622389944,0.15664957453003103,24600
874,55.401484622389944,0.16478787679210727,24800
875,55.401484622389944,0.1551209631703435,25000
876,55.401484622389944,0.16439956704936917,25200
877,55.401484622389944,0.15314558437496564,25400
878,55.401484622389944,0.13601582155450853,25600
879,55.401484622389944,0.13405590923691627,25800
880,55.401484622389944,0.15072533406543456,26000
881,55.401484622389944,0.14613823156514025,26200
882,55.401484622389944,0.15367835337601343,26400
883,55.401484622389944,0.13418209760800384,26600
884,55.401484622389944,0.14562975618139753,26800
885,55.401484622389944,0.16309386986568117,27000
886,55.401484622389944,0.1373110710140604,27200
887,55.401484622389944,0.14986377861621422,27400
888,55.401484622389944,0.15690403080269807,27600
889,55.401484622389944,0.14967454531365806,27800
890,55.401484622389944,0.15256906209476329,28000
891,55.401484622389944,0.1578173168984213,28200
892,55.401484622389944,0.15211191958543271,28400
893,55.401484622389944,0.1519995644745907,28600
894,55.401484622389944,0.15726633613411534,28800
895,55.401484622389944,0.16376842344524928,29000
896,55.401484622389944,0.15827516732169575,29200
897,55.401484622389944,0.14164025115827863,29400
898,55.401484622389944,0.14676640777547978,29600
899,55.401484622389944,0.14275670312049832,29800
900,0.7938809999999996,0.025055057342142504,0
901,22.164232724985357,0.025520426749934943,200
902,43.89385888944619,0.006674473067915691,400
903,52.32047611308797,0.029052823315118395,600
904,55.02898761415906,0.03551912568306011,800
905,56.15660034172486,0.00819672131147541,1000
906,56.15660034172486,0.016813787305590584,1200
907,56.15660034172486,0.017357762777242044,1400
908,56.15660034172486,0.021354616048317513,1600
909,56.15660034172486,0.009225037257824144,1800
910,56.15660034172486,0.030917457578372158,2000
911,56.15660034172486,0.006159137449230107,2200
912,56.15660034172486,0.01766609145815358,2400
913,56.15660034172486,0.012038416956449742,2600
914,56.15660034172486,0.016631712870864266,2800
915,56.15660034172486,0.02053320086106971,3000
916,56.15660034172486,0.009360700164378694,3200
917,56.15660034172486,0.02334823646299056,3400
918,56.15660034172486,0.015010113525649174,3600
919,56.15660034172486,0.009814134546850156,3800
920,56.15660034172486,0.006557377049180328,4000
921,56.15660034172486,0.02184426229508197,4200
922,56.15660034172486,0.008782201405152224,4400
923,56.15660034172486,0.013524590163934426,4600
924,56.15660034172486,0.01644554299492324,4800
925,56.15660034172486,0.014974318991635718,5000
926,56.15660034172486,0.010530510018214936,5200
927,56.15660034172486,0.016336948929701302,5400
928,56.15660034172486,0.0180327868852459,5600
929,56.15660034172486,0.01206499856197872,5800
930,56.15660034172486,0.012094181935069108,6000
931,56.15660034172486,0.01412633359354671,6200
932,56.15660034172486,0.014909553420011306,6400
933,56.15660034172486,0.011452462191245625,6600
934,56.15660034172486,0.017016953902199802,6800
935,56.15660034172486,0.024954975274847326,7000
936,56.15660034172486,0.03206083533952386,7200
937,56.15660034172486,0.033301927901735036,7400
938,56.15660034172486,0.015478385778773552,7600
939,56.15660034172486,0.0166187326239095,7800
940,56.15660034172486,0.03588401198660321,8000
941,56.15660034172486,0.024242457139662707,8200
942,56.15660034172486,0.02991803278688524,8400
943,56.15660034172486,0.09128136916804058,8600
944,56.15660034172486,0.09287245755423189,8800
945,56.15660034172486,0.09431403367986627,9000
946,56.15660034172486,0.10819985329146369,9200
947,56.15660034172486,0.09952706205719705,9400
948,56.15660034172486,0.10289129045549077,9600
949,56.15660034172486,0.09518413951114553,9800
950,56.15660034172486,0.10275771340573765,10000
951,56.15660034172486,0.10143373142199186,10200
952,56.15660034172486,0.09636740196002698,10400
953,56.15660034172486,0.1024765969732417,10600
954,56.15660034172486,0.10248648692015445,10800
955,56.15660034172486,0.12039338712016714,11000
956,56.15660034172486,0.09208270373736825,11200
957,56.15660034172486,0.0992604890651784,11400
958,56.15660034172486,0.11524537152550651,11600
959,56.15660034172486,0.10298670554747755,11800
960,56.15660034172486,0.09847463434315137,12000
961,56.15660034172486,0.10842613590672259,12200
962,56.15660034172486,0.09924293948705921,12400
963,56.15660034172486,0.09897371676517965,12600
964,56.15660034172486,0.12557140110022183,12800
965,56.15660034172486,0.11811207720117997,13000
966,56.15660034172486,0.11099321542194675,13200
967,56.15660034172486,0.10490793776805332,13400
968,56.15660034172486,0.11970908027450985,13600
969,56.15660034172486,0.11185031300749719,13800
970,56.15660034172486,0.12006516466497179,14000
971,56.15660034172486,0.14528374290777224,14200
972,56.15660034172486,0.13847996355906564,14400
973,56.15660034172486,0.11244181826193486,14600
974,56.15660034172486,0.13315994070362472,14800
975,56.15660034172486,0.12287190469446976,15000
976,56.15660034172486,0.14763991997763196,15200
977,56.15660034172486,0.14522550899911935,15400
978,56.15660034172486,0.1478317885597234,15600
979,56.15660034172486,0.11847606265230969,15800
980,56.15660034172486,0.16111889021725084,16000
981,56.15660034172486,0.1650056445820723,16200
982,56.15660034172486,0.16346983234386162,16400
983,56.15660034172486,0.15987439914633736,16600
984,56.15660034172486,0.18028473693391184,16800
985,56.15660034172486,0.17366471350663387,17000
986,56.15660034172486,0.17067197874562232,17200
987,56.15660034172486,0.1756050027867771,17400
988,56.15660034172486,0.17370544060032964,17600
989,56.15660034172486,0.19035632815165113,17800
990,56.15660034172486,0.1620504251144255,18000
991,56.15660034172486,0.15220287295201512,18200
992,56.15660034172486,0.16046577712440774,18400
993,56.15660034172486,0.13237888123447675,18600
994,56.15660034172486,0.14284002926033706,18800
995,56.15660034172486,0.16527529847201974,19000
996,56.15660034172486,0.17044495550522545,19200
997,56.15660034172486,0.16561594812559127,19400
998,56.15660034172486,0.1525147800340664,19600
999,56.15660034172486,0.1681695353826501,19800
1000,56.15660034172486,0.15599573673344164,20000
1001,56.15660034172486,0.15645825375916372,20200
1002,56.15660034172486,0.16425473166071042,20400
1003,56.15660034172486,0.15864113763633586,20600
1004,56.15660034172486,0.15971383566610176,20800
1005,56.15660034172486,0.16970455077976773,21000
1006,56.15660034172486,0.16199396277252437,21200
1007,56.15660034172486,0.17050850774411605,21400
1008,56.15660034172486,0.17426984445427063,21600
1009,56.15660034172486,0.16511219413823075,21800
1010,56.15660034172486,0.16444454738559697,22000
1011,56.15660034172486,0.17579744936302305,22200
1012,56.15660034172486,0.11432383193344887,22400
1013,56.15660034172486,0.1576872390406213,22600
1014,56.15660034172486,0.15630190733624738,22800
1015,56.15660034172486,0.15295899444692007,23000
1016,56.15660034172486,0.15270736051746248,23200
1017,56.15660034172486,0.1520661773531693,23400
1018,56.15660034172486,0.15844197924115958,23600
1019,56.15660034172486,0.1579051511234427,23800
1020,56.15660034172486,0.16379343861009088,24000
1021,56.15660034172486,0.15076014136404683,24200
1022,56.15660034172486,0.16570821996074495,24400
1023,56.15660034172486,0.15063861457304076,24600
1024,56.15660034172486,0.14845403432783824,24800
1025,56.15660034172486,0.14067592841540114,25000
1026,56.15660034172486,0.16536735791798474,25200
1027,56.15660034172486,0.164270248266023,25400
1028,56.15660034172486,0.16052174146436435,25600
1029,56.15660034172486,0.152312391977892,25800
1030,56.15660034172486,0.1583480633263661,26000
1031,56.15660034172486,0.17175788692182134,26200
1032,56.15660034172486,0.1642069440208805,26400
1033,56.15660034172486,0.15670259348467697,26600
1034,56.15660034172486,0.1804047366546732,26800
1035,56.15660034172486,0.16004168273019162,27000
1036,56.15660034172486,0.17094407485908777,27200
1037,56.15660034172486,0.15829314637098973,27400
1038,56.15660034172486,0.16112131779187552,27600
1039,56.15660034172486,0.15573727105536975,27800
1040,56.15660034172486,0.1730751108957473,28000
1041,56.15660034172486,0.14974507846540522,28200
1042,56.15660034172486,0.1457435268539521,28400
1043,56.15660034172486,0.1452698696043618,28600
1044,56.15660034172486,0.1564032573555235,28800
1045,56.15660034172486,0.1489267482758321,29000
1046,56.15660034172486,0.1505996053811288,29200
1047,56.15660034172486,0.15946795226963478,29400
1048,56.15660034172486,0.15733343686320395,29600
1049,56.15660034172486,0.1671296423146572,29800
1050,0.7938809999999996,0.017486338797814208,0
1051,22.732918773578962,0.018489690958350555,200
1052,34.828581500806095,0.01707650273224044,400
1053,35.274385787710415,0.009888108248763988,600
1054,41.377536291889605,0.03902292903436631,800
1055,42.22418312660159,0.019187779433681072,1000
1056,42.22418312660159,0.01725625539257981,1200
1057,42.22418312660159,0.016978922716627636,1400
1058,42.22418312660159,0.000468384074941452,1600
1059,42.22418312660159,0.01639344262295082,1800
1060,42.22418312660159,0.01873536299765808,2000
1061,42.22418312660159,0.0050481394743689826,2200
1062,42.22418312660159,0.012295081967213115,2400
1063,42.22418312660159,0.003825136612021858,2600
1064,42.22418312660159,0.0038227399098839997,2800
1065,42.22418312660159,0.0026271542664985286,3000
1066,42.22418312660159,0.006723687336659539,3200
1067,42.22418312660159,0.00936768149882904,3400
1068,42.22418312660159,0.004529767040552199,3600
1069,42.22418312660159,0.006242106944683057,3800
1070,42.22418312660159,0.0009107468123861566,4000
1071,42.22418312660159,0.014559641608821937,4200
1072,42.22418312660159,0.006957810667905576,4400
1073,42.22418312660159,0.008468820264102152,4600
1074,42.22418312660159,0.018902696383283093,4800
1075,42.22418312660159,0.0059672567869289185,5000
1076,42.22418312660159,0.0162689015090551,5200
1077,42.22418312660159,0.014344262295081968,5400
1078,42.22418312660159,0.012455993326292264,5600
1079,42.22418312660159,0.00408267315083536,5800
1080,42.22418312660159,0.009036757967620405,6000
1081,42.22418312660159,0.0017689862830378052,6200
1082,42.22418312660159,0.010835490365257406,6400
1083,42.22418312660159,0.013018920873725016,6600
1084,42.22418312660159,0.014979699621632323,6800
1085,42.22418312660159,0.013483161455551444,7000
1086,42.22418312660159,0.007510658740166936,7200
1087,42.22418312660159,0.020513734491301356,7400
1088,42.22418312660159,0.04564963602634978,7600
1089,42.22418312660159,0.04915560071687292,7800
1090,42.22418312660159,0.04958032436127405,8000
1091,42.22418312660159,0.04745472637954175,8200
1092,42.22418312660159,0.07712460915811929,8400
1093,42.22418312660159,0.09842045477291378,8600
1094,42.22418312660159,0.09315551413733882,8800
1095,42.22418312660159,0.10223192108438009,9000
1096,42.22418312660159,0.10104044407323093,9200
1097,42.22418312660159,0.09948607858443924,9400
1098,42.22418312660159,0.1039168026872945,9600
1099,42.22418312660159,0.10878279279918626,9800
1100,42.22418312660159,0.1058541836317582,10000
1101,42.22418312660159,0.09873145979703356,10200
1102,42.22418312660159,0.09294168977181977,10400
1103,42.22418312660159,0.10237947008042196,10600
1104,42.22418312660159,0.11026772223493536,10800
1105,42.22418312660159,0.10471848134038578,11000
1106,42.22418312660159,0.11094794405470135,11200
1107,42.22418312660159,0.10811174253797205,11400
1108,42.22418312660159,0.10906902751165047,11600
1109,42.22418312660159,0.11609814169876352,11800
1110,42.22418312660159,0.11560480138895847,12000
1111,42.22418312660159,0.11659732386155683,12200
1112,42.22418312660159,0.1120170277923692,12400
1113,42.22418312660159,0.1169921784375774,12600
1114,42.22418312660159,0.11899720270621911,12800
1115,42.22418312660159,0.11312576994954045,13000
1116,42.22418312660159,0.11920026309535214,13200
1117,42.22418312660159,0.12542737455740816,13400
1118,42.22418312660159,0.12485676735784589,13600
1119,42.22418312660159,0.12839992430156366,13800
1120,42.22418312660159,0.12651880424300868,14000
1121,42.22418312660159,0.14651103020740103,14200
1122,42.22418312660159,0.15028552191870334,14400
1123,42.22418312660159,0.13073729549139382,14600
1124,42.22418312660159,0.15811831418426306,14800
1125,42.22418312660159,0.14947276813426635,15000
1126,42.22418312660159,0.1517305814747828,15200
1127,42.22418312660159,0.14722079422886405,15400
1128,42.22418312660159,0.1453861027145552,15600
1129,42.22418312660159,0.15535476791503786,15800
1130,42.22418312660159,0.15249787885588795,16000
1131,42.22418312660159,0.15534638403490858,16200
1132,42.22418312660159,0.15321583094789665,16400
1133,42.22418312660159,0.15041523830375222,16600
1134,42.22418312660159,0.15994258973754483,16800
1135,42.22418312660159,0.1640747440530468,17000
1136,42.22418312660159,0.1482704125854914,17200
1137,42.22418312660159,0.17085260413116574,17400
1138,42.22418312660159,0.15371141368007324,17600
1139,42.22418312660159,0.16328123820891416,17800
1140,42.22418312660159,0.16947031156034859,18000
1141,42.22418312660159,0.16799022803907285,18200
1142,42.22418312660159,0.16412743039779523,18400
1143,42.22418312660159,0.16325922684408695,18600
1144,42.22418312660159,0.15898945935640296,18800
1145,42.22418312660159,0.16757310513337512,19000
1146,42.22418312660159,0.1530678993673207,19200
1147,42.22418312660159,0.16102110548831855,19400
1148,42.22418312660159,0.15796329256525668,19600
1149,42.22418312660159,0.1514084941856093,19800
1150,42.22418312660159,0.17296414878382083,20000
1151,42.22418312660159,0.15175540026601014,20200
1152,42.22418312660159,0.16443921902138608,20400
1153,42.22418312660159,0.1550077957864843,20600
1154,42.22418312660159,0.18536839513213665,20800
1155,42.22418312660159,0.1707596044264318,21000
1156,42.22418312660159,0.1632745669630915,21200
1157,42.22418312660159,0.17008166215012885,21400
1158,42.22418312660159,0.15266215418532567,21600
1159,42.22418312660159,0.1553544948619882,21800
1160,42.22418312660159,0.15747109252159242,22000
1161,42.22418312660159,0.15542014906769,22200
1162,42.22418312660159,0.16442473469956587,22400
1163,42.22418312660159,0.163691619472465,22600
1164,42.22418312660159,0.1717382621889549,22800
1165,42.22418312660159,0.16661405365346388,23000
1166,42.22418312660159,0.1666609413836993,23200
1167,42.22418312660159,0.16275971127453137,23400
1168,42.22418312660159,0.16239255494318172,23600
1169,42.22418312660159,0.16186266047978434,23800
1170,42.22418312660159,0.16163466841853377,24000
1171,42.22418312660159,0.15859869996295922,24200
1172,42.22418312660159,0.15540466287141366,24400
1173,42.22418312660159,0.155199019176586,24600
1174,42.22418312660159,0.1604633071846186,24800
1175,42.22418312660159,0.16065877774715973,25000
1176,42.22418312660159,0.15989962099628138,25200
1177,42.22418312660159,0.1620261341572817,25400
1178,42.22418312660159,0.1653991500302975,25600
1179,42.22418312660159,0.16418605601090497,25800
1180,42.22418312660159,0.17192107885910854,26000
1181,42.22418312660159,0.1555342619901316,26200
1182,42.22418312660159,0.1656179497669372,26400
1183,42.22418312660159,0.13926117293378332,26600
1184,42.22418312660159,0.13796183666167158,26800
1185,42.22418312660159,0.14769569201825705,27000
1186,42.22418312660159,0.14685552106086316,27200
1187,42.22418312660159,0.13526448383791886,27400
1188,42.22418312660159,0.1468541736356282,27600
1189,42.22418312660159,0.16929718465398308,27800
1190,42.22418312660159,0.14981275386036075,28000
1191,42.22418312660159,0.16072753722223346,28200
1192,42.22418312660159,0.13836072338130373,28400
1193,42.22418312660159,0.1544823316460282,28600
1194,42.22418312660159,0.15449525811538894,28800
1195,42.22418312660159,0.14254171599041834,29000
1196,42.22418312660159,0.16319856180101755,29200
1197,42.22418312660159,0.13910082057339362,29400
1198,42.22418312660159,0.16592889696331786,29600
1199,42.22418312660159,0.1447785504597536,29800
1200,0.7073479709999996,0.03375120540019286,0
1201,18.152157947050018,0.04559426229508197,200
1202,27.08093121200682,0.041590771098967826,400
1203,31.288802455171236,0.04426229508196722,600
1204,31.958056285069752,0.033177205308352845,800
1205,31.958056285069752,0.03278688524590164,1000
1206,31.958056285069752,0.0020491803278688526,1200
1207,31.958056285069752,0.03426229508196721,1400
1208,31.958056285069752,0.03404791929382093,1600
1209,31.958056285069752,0.04262405587141618,1800
1210,31.958056285069752,0.0332072299285414,2000
1211,31.958056285069752,0.033196721311475406,2200
1212,31.958056285069752,0.04371584699453552,2400
1213,31.958056285069752,0.034335154826958106,2600
1214,31.958056285069752,0.04224464060529634,2800
1215,31.958056285069752,0.041339985744832504,3000
1216,31.958056285069752,0.040983606557377046,3200
1217,31.958056285069752,0.03381147540983607,3400
1218,31.958056285069752,0.010522841593236966,3600
1219,31.958056285069752,0.025956284153005462,3800
1220,31.958056285069752,0.03350507416081187,4000
1221,31.958056285069752,0.04237933309648277,4200
1222,31.958056285069752,0.022183247912956026,4400
1223,31.958056285069752,0.014762505254308533,4600
1224,31.958056285069752,0.009631828331790208,4800
1225,31.958056285069752,0.03695756991321118,5000
1226,31.958056285069752,0.010084124245038826,5200
1227,31.958056285069752,0.011510538641686184,5400
1228,31.958056285069752,0.02221715940978236,5600
1229,31.958056285069752,0.008977361436377831,5800
1230,31.958056285069752,0.027352102637205986,6000
1231,31.958056285069752,0.01923952641165756,6200
1232,31.958056285069752,0.01707650273224044,6400
1233,31.958056285069752,0.021130046005313288,6600
1234,31.958056285069752,0.018806921675774132,6800
1235,31.958056285069752,0.033352849336455895,7000
1236,31.958056285069752,0.05904641806281151,7200
1237,31.958056285069752,0.05812734894702108,7400
1238,31.958056285069752,0.05052452848120295,7600
1239,31.958056285069752,0.06251919711418265,7800
1240,31.958056285069752,0.07032728687053164,8000
1241,31.958056285069752,0.08061004714404475,8200
1242,31.958056285069752,0.08092675415287402,8400
1243,31.958056285069752,0.08740327594943643,8600
1244,31.958056285069752,0.08014359596428317,8800
1245,31.958056285069752,0.08653160196914479,9000
1246,31.958056285069752,0.08110521544148094,9200
1247,31.958056285069752,0.09842080064178889,9400
1248,31.958056285069752,0.0859338356222205,9600
1249,31.958056285069752,0.08307637262555295,9800
1250,31.958056285069752,0.07505469015915096,10000
1251,31.958056285069752,0.09181616252721311,10200
1252,31.958056285069752,0.0710475680571305,10400
1253,31.958056285069752,0.08994352002548724,10600
1254,31.958056285069752,0.08785763243107964,10800
1255,31.958056285069752,0.09536134178500795,11000
1256,31.958056285069752,0.08545975495889717,11200
1257,31.958056285069752,0.09256931106802942,11400
1258,31.958056285069752,0.07321020654748284,11600
1259,31.958056285069752,0.08995910191116492,11800
1260,31.958056285069752,0.1002125501225861,12000
1261,31.958056285069752,0.0938545689972661,12200
1262,31.958056285069752,0.0777664091653026,12400
1263,31.958056285069752,0.12016432480294345,12600
1264,31.958056285069752,0.12013244298008963,12800
1265,31.958056285069752,0.1346430091111455,13000
1266,31.958056285069752,0.12167369332427107,13200
1267,31.958056285069752,0.11376318474543734,13400
1268,31.958056285069752,0.1189206176544356,13600
1269,31.958056285069752,0.06987885529714136,13800
1270,31.958056285069752,0.13307044290954814,14000
1271,31.958056285069752,0.14096841582109154,14200
1272,31.958056285069752,0.1497770850002746,14400
1273,31.958056285069752,0.14682201367774012,14600
1274,31.958056285069752,0.15337681588825314,14800
1275,31.958056285069752,0.15558386834423474,15000
1276,31.958056285069752,0.15344569370078448,15200
1277,31.958056285069752,0.16111957928496018,15400
1278,31.958056285069752,0.08135308895430673,15600
1279,31.958056285069752,0.1494862511858654,15800
1280,31.958056285069752,0.13000586256626373,16000
1281,31.958056285069752,0.11533378987297704,16200
1282,31.958056285069752,0.10912749142206306,16400
1283,31.958056285069752,0.1256772430015844,16600
1284,31.958056285069752,0.16127493225841188,16800
1285,31.958056285069752,0.16266607682470746,17000
1286,31.958056285069752,0.16052403471831977,17200
1287,31.958056285069752,0.15662032203975312,17400
1288,31.958056285069752,0.14753626017629218,17600
1289,31.958056285069752,0.15947246237074644,17800
1290,31.958056285069752,0.17170362782198542,18000
1291,31.958056285069752,0.17029235863360104,18200
1292,31.958056285069752,0.17749038302316986,18400
1293,31.958056285069752,0.16464951091023255,18600
1294,31.958056285069752,0.17077384819188096,18800
1295,31.958056285069752,0.17253459869178284,19000
1296,31.958056285069752,0.16947037402728876,19200
1297,31.958056285069752,0.1720381415969651,19400
1298,31.958056285069752,0.16058858509229276,19600
1299,31.958056285069752,0.17778203626551586,19800
1300,31.958056285069752,0.17209218377251165,20000
1301,31.958056285069752,0.16585572059040565,20200
1302,31.958056285069752,0.16547311041042956,20400
1303,31.958056285069752,0.17310504971521057,20600
1304,31.958056285069752,0.17027833277833268,20800
1305,31.958056285069752,0.16821191772975763,21000
1306,31.958056285069752,0.1744999375423676,21200
1307,31.958056285069752,0.18016359778654858,21400
1308,31.958056285069752,0.14663935323467095,21600
1309,31.958056285069752,0.15330675953300454,21800
1310,31.958056285069752,0.18478823089478824,22000
1311,31.958056285069752,0.1588891723224846,22200
1312,31.958056285069752,0.14621673863477141,22400
1313,31.958056285069752,0.16595590033137614,22600
1314,31.958056285069752,0.16381149119818356,22800
1315,31.958056285069752,0.1687173555667255,23000
1316,31.958056285069752,0.15366485367996544,23200
1317,31.958056285069752,0.16432303231965717,23400
1318,31.958056285069752,0.1475167890601133,23600
1319,31.958056285069752,0.1622529110234028,23800
1320,31.958056285069752,0.16331889609372727,24000
1321,31.958056285069752,0.17036710843110878,24200
1322,31.958056285069752,0.15991362748582455,24400
1323,31.958056285069752,0.16963556511323602,24600
1324,31.958056285069752,0.13571288851074645,24800
1325,31.958056285069752,0.13219519213266342,25000
1326,31.958056285069752,0.15460454123183148,25200
1327,31.958056285069752,0.14215536205398155,25400
1328,31.958056285069752,0.17244736807176528,25600
1329,31.958056285069752,0.1627204213872487,25800
1330,31.958056285069752,0.15927833009892545,26000
1331,31.958056285069752,0.13731972401827505,26200
1332,31.958056285069752,0.13859958958784674,26400
1333,31.958056285069752,0.16618327697160862,26600
1334,31.958056285069752,0.16644920724946607,26800
1335,31.958056285069752,0.14712304264385423,27000
1336,31.958056285069752,0.16479906353600976,27200
1337,31.958056285069752,0.17663373270894964,27400
1338,31.958056285069752,0.16770731974888695,27600
1339,31.958056285069752,0.165407844210556,27800
1340,31.958056285069752,0.18463655984933913,28000
1341,31.958056285069752,0.16288327551586948,28200
1342,31.958056285069752,0.1640134522608003,28400
1343,31.958056285069752,0.169074186287301,28600
1344,31.958056285069752,0.14453223766858717,28800
1345,31.958056285069752,0.13757860813469086,29000
1346,31.958056285069752,0.16587959938455876,29200
1347,31.958056285069752,0.16011212349206558,29400
1348,31.958056285069752,0.15768957167134104,29600
1349,31.958056285069752,0.1514965858385795,29800
1350,1.074758691436419e-09,0.0,0
1351,35.40951692749714,0.0,200
1352,46.46948558884077,0.0014903129657228018,400
1353,60.56213418462604,0.00819672131147541,600
1354,61.40514949197861,0.011475409836065573,800
1355,64.94929638894628,0.001214329083181542,1000
1356,64.94929638894628,0.004659873728035937,1200
1357,64.94929638894628,0.0003812428516965307,1400
1358,64.94929638894628,0.00451870533837747,1600
1359,64.94929638894628,0.010800385728061716,1800
1360,64.94929638894628,0.02540983606557377,2000
1361,64.94929638894628,0.0,2200
1362,64.94929638894628,0.00273224043715847,2400
1363,64.94929638894628,0.000819672131147541,2600
1364,64.94929638894628,0.0018266978922716628,2800
1365,64.94929638894628,0.0,3000
1366,64.94929638894628,0.017286602600339176,3200
1367,64.94929638894628,0.0,3400
1368,64.94929638894628,0.009071193713126414,3600
1369,64.94929638894628,0.0007901601264256202,3800
1370,64.94929638894628,0.0,4000
1371,64.94929638894628,0.002698299562162712,4200
1372,64.94929638894628,0.0013957265391057198,4400
1373,64.94929638894628,0.03244135496972026,4600
1374,64.94929638894628,0.027352439638801688,4800
1375,64.94929638894628,0.04179581261640803,5000
1376,64.94929638894628,0.033443603987828155,5200
1377,64.94929638894628,0.03265717911327144,5400
1378,64.94929638894628,0.03928552295235034,5600
1379,64.94929638894628,0.026893052302888368,5800
1380,64.94929638894628,0.02897552463608394,6000
1381,64.94929638894628,0.03485605595461652,6200
1382,64.94929638894628,0.08936918561295087,6400
1383,64.94929638894628,0.1040392222976389,6600
1384,64.94929638894628,0.11658594138102332,6800
1385,64.94929638894628,0.1167583606204478,7000
1386,64.94929638894628,0.1182228299156528,7200
1387,64.94929638894628,0.11043697864334316,7400
1388,64.94929638894628,0.10213837538080256,7600
1389,64.94929638894628,0.10766399783955713,7800
1390,64.94929638894628,0.10717272254157502,8000
1391,64.94929638894628,0.1000849566519769,8200
1392,64.94929638894628,0.10835780702494886,8400
1393,64.94929638894628,0.11950496160098034,8600
1394,64.94929638894628,0.10529772075439524,8800
1395,64.94929638894628,0.11280030823263792,9000
1396,64.94929638894628,0.11587715563125399,9200
1397,64.94929638894628,0.11549629787334705,9400
1398,64.94929638894628,0.11795637752515872,9600
1399,64.94929638894628,0.12099600024834989,9800
1400,64.94929638894628,0.11619026580200006,10000
1401,64.94929638894628,0.13467243139374288,10200
1402,64.94929638894628,0.12374915035537236,10400
1403,64.94929638894628,0.1178892100613412,10600
1404,64.94929638894628,0.12685939520471323,10800
1405,64.94929638894628,0.12521766556710476,11000
1406,64.94929638894628,0.12075101583298306,11200
1407,64.94929638894628,0.12934627110466787,11400
1408,64.94929638894628,0.12797478022887862,11600
1409,64.94929638894628,0.12142244255057026,11800
1410,64.94929638894628,0.12518005009359381,12000
1411,64.94929638894628,0.12625305022846006,12200
1412,64.94929638894628,0.13365008049916444,12400
1413,64.94929638894628,0.12662101104724055,12600
1414,64.94929638894628,0.126619107971567,12800
1415,64.94929638894628,0.1340832993575541,13000
1416,64.94929638894628,0.140724303019385,13200
1417,64.94929638894628,0.14954877940358716,13400
1418,64.94929638894628,0.14466688183888607,13600
1419,64.94929638894628,0.14292979164952974,13800
1420,64.94929638894628,0.14308789688911233,14000
1421,64.94929638894628,0.15118068930260128,14200
1422,64.94929638894628,0.1399483478968355,14400
1423,64.94929638894628,0.131530329656884,14600
1424,64.94929638894628,0.14357597293952162,14800
1425,64.94929638894628,0.1540446572606649,15000
1426,64.94929638894628,0.16281925131771588,15200
1427,64.94929638894628,0.16246190864948892,15400
1428,64.94929638894628,0.1462767573030146,15600
1429,64.94929638894628,0.15060443970089152,15800
1430,64.94929638894628,0.16116792916281267,16000
1431,64.94929638894628,0.1513432461930459,16200
1432,64.94929638894628,0.15520144193226104,16400
1433,64.94929638894628,0.13662165492070552,16600
1434,64.94929638894628,0.13470021689054007,16800
1435,64.94929638894628,0.1497185713675588,17000
1436,64.94929638894628,0.14748055586635275,17200
1437,64.94929638894628,0.15404595484875136,17400
1438,64.94929638894628,0.14600951198902548,17600
1439,64.94929638894628,0.1426884547042711,17800
1440,64.94929638894628,0.15362585174076224,18000
1441,64.94929638894628,0.12998264646788701,18200
1442,64.94929638894628,0.16576331533733216,18400
1443,64.94929638894628,0.1579090818200289,18600
1444,64.94929638894628,0.15409736300788682,18800
1445,64.94929638894628,0.17286559783413052,19000
1446,64.94929638894628,0.15855929159004278,19200
1447,64.94929638894628,0.1644186548477773,19400
1448,64.94929638894628,0.1675511081343949,19600
1449,64.94929638894628,0.16037386753394461,19800
1450,64.94929638894628,0.15788202520832068,20000
1451,64.94929638894628,0.16733713222382457,20200
1452,64.94929638894628,0.14080693657764903,20400
1453,64.94929638894628,0.1666623726868359,20600
1454,64.94929638894628,0.15449417516171304,20800
1455,64.94929638894628,0.15925456552895245,21000
1456,64.94929638894628,0.15312115697180678,21200
1457,64.94929638894628,0.16860346269192636,21400
1458,64.94929638894628,0.1671540030964991,21600
1459,64.94929638894628,0.15682038817284716,21800
1460,64.94929638894628,0.16310937177002782,22000
1461,64.94929638894628,0.15409713237582084,22200
1462,64.94929638894628,0.16691097627439805,22400
1463,64.94929638894628,0.15491763005022402,22600
1464,64.94929638894628,0.1531774692072135,22800
1465,64.94929638894628,0.16748299892515958,23000
1466,64.94929638894628,0.1551536223254997,23200
1467,64.94929638894628,0.15626115254166267,23400
1468,64.94929638894628,0.16063759814711445,23600
1469,64.94929638894628,0.14934182235823565,23800
1470,64.94929638894628,0.16382834513005043,24000
1471,64.94929638894628,0.15620287343755845,24200
1472,64.94929638894628,0.13899539199683852,24400
1473,64.94929638894628,0.1472927570663928,24600
1474,64.94929638894628,0.14630036241336325,24800
1475,64.94929638894628,0.16107844528770274,25000
1476,64.94929638894628,0.1538908360879572,25200
1477,64.94929638894628,0.14460523987985469,25400
1478,64.94929638894628,0.1635178621344378,25600
1479,64.94929638894628,0.15949672581784435,25800
1480,64.94929638894628,0.15765810104884362,26000
1481,64.94929638894628,0.15624714156520447,26200
1482,64.94929638894628,0.15757029959920793,26400
1483,64.94929638894628,0.14438373477415747,26600
1484,64.94929638894628,0.13990662321293576,26800
1485,64.94929638894628,0.13904706312958134,27000
1486,64.94929638894628,0.16060181209049312,27200
1487,64.94929638894628,0.16414363218593533,27400
1488,64.94929638894628,0.1629182115656256,27600
1489,64.94929638894628,0.15713836612557613,27800
1490,64.94929638894628,0.18008521314807155,28000
1491,64.94929638894628,0.165599076635467,28200
1492,64.94929638894628,0.16649610835965703,28400
1493,64.94929638894628,0.16898563471356948,28600
1494,64.94929638894628,0.1635261435767703,28800
1495,64.94929638894628,0.16537492393072756,29000
1496,64.94929638894628,0.17306275067593138,29200
1497,64.94929638894628,0.16587855796693995,29400
1498,64.94929638894628,0.1702925123199954,29600
1499,64.94929638894628,0.15841086616158936,29800
